{"crypto": 1732409257.002133, "tech": 1732409258.7440448, "blockchain": 1734537638.4278324, "wemade": 1732409260.765482, "stock": 1732409261.2021973, "delta": 1732409261.8985362, "coupang": 1732409262.713723, "google": 1732409263.454417, "india": 1732409263.9659357, "vietnam": 1734537639.0099669, "sui": 1732405654.576374, "etf": 1732405655.0863078, "wemix": 1732405655.367837, "doge": 1734537639.5158613, "solana": 1734537639.9987655, "coin": 1734537640.553612}