{"crypto": 1723916523.9687476, "tech": 1723916525.7897766, "blockchain": 1723916527.6791327, "wemade": 1723916528.9657862, "stock": 1723916530.8281014, "delta": 1723916532.6820064, "coupang": 1723916534.202063, "google": 1723916535.0424447, "india": 1723916535.631153, "vietnam": 1723912920.209369, "sui": 1723912920.9383, "etf": 1723912921.6507876, "wemix": 1723912922.1314616}