{"crypto": 1723985726.1849604, "tech": 1723985729.892926, "blockchain": 1723985731.554278, "wemade": 1723985732.2395165, "stock": 1723985734.2825818, "delta": 1723985735.5778604, "coupang": 1723985736.236065, "google": 1723985737.858781, "india": 1723985738.5967402, "vietnam": 1723985740.2382438, "sui": 1723985742.3373423, "etf": 1723985744.2393155, "wemix": 1723985745.3515916}