{"crypto": 1723960587.4241576, "tech": 1723960587.8334477, "blockchain": 1723960588.2427726, "wemade": 1723960596.537534, "stock": 1723960589.7794166, "delta": 1723960590.0463018, "coupang": 1723960591.0078201, "google": 1723960592.2374032, "india": 1723960593.159765, "vietnam": 1723960593.5681646, "sui": 1723960593.977507, "etf": 1723960595.0016148, "wemix": 1723960596.2305474}