{"blockchain": 1732450189.1689947, "vietnam": 1732450189.6508453, "doge": 1732450189.9448967, "solana": 1732450190.246912, "coin": 1732450190.6026626}