{"crypto": 1724596211.0503905, "tech": 1724596211.5128555, "blockchain": 1724596212.6875453, "wemade": 1724596220.4221432, "stock": 1724596214.3804398, "delta": 1724596215.1201546, "coupang": 1724596216.1619995, "google": 1724596216.5799356, "india": 1724596217.1448374, "vietnam": 1724596217.571158, "sui": 1724596218.0421798, "etf": 1724596218.5791287, "wemix": 1724596219.8347108}