{"crypto": 1708064201.4882398, "tech": 1708064207.9625895, "blockchain": 1708064209.080169, "wemade": 1708064210.141174, "stock": 1708064211.2006063}