{"crypto": 1732224436.6614535, "tech": 1732224437.4359376, "blockchain": 1733087838.3431568, "wemade": 1732224438.7502568, "stock": 1732224439.4681695, "delta": 1732224439.9808187, "coupang": 1732224440.6494768, "google": 1732224441.3127568, "indiaetf": 1710396420.2326155, "vietnametf": 1710396420.9745939, "sui": 1732220834.6146705, "india": 1732224441.9705687, "vietnam": 1733084235.6445715, "etf": 1732220835.2975733, "wemix": 1732220835.9422858, "doge": 1733084236.2969503, "solana": 1733084236.9682152, "coin": 1733084237.6424122}