{"crypto": 1722613179.0658453, "tech": 1722613180.7050622, "blockchain": 1722613181.5767639, "wemade": 1722613182.4440567, "stock": 1722613184.4944396, "delta": 1722613185.312983, "coupang": 1722613186.1612723, "google": 1722609571.5165327, "indiaetf": 1710396420.2326155, "vietnametf": 1710396420.9745939, "sui": 1722609574.4334717, "india": 1722609573.1556263, "vietnam": 1722609574.0326438, "etf": 1722609575.3063982, "wemix": 1722609578.0756803}