{"crypto": 1724595299.2354047, "tech": 1724595299.8067708, "blockchain": 1724595300.7712908, "wemade": 1724595308.2468708, "stock": 1724595302.1028209, "delta": 1724595302.8206587, "coupang": 1724595303.4461198, "google": 1724595304.150896, "india": 1724595304.7439272, "vietnam": 1724595305.3159037, "sui": 1724595305.9791136, "etf": 1724595306.751902, "wemix": 1724595307.531412}