{"blockchain": 1732450188.7595675, "vietnam": 1732450189.2063844, "doge": 1732450189.652675, "solana": 1732450190.0913067, "coin": 1732450190.602461}