{"blockchain": 1734540385.4496865, "vietnam": 1734540385.8828976, "doge": 1734540386.326867, "solana": 1734540386.8987532, "coin": 1734540387.3283727}