{"crypto": 1723959127.4794543, "tech": 1723959127.9915738, "blockchain": 1723959128.708403, "wemade": 1723959134.6473682, "stock": 1723959129.7325437, "delta": 1723959130.2445593, "coupang": 1723959130.756577, "google": 1723959131.2685168, "india": 1723959131.7803926, "vietnam": 1723959132.2437263, "sui": 1723959132.8042583, "etf": 1723959133.6249015, "wemix": 1723959134.135309}